epoch,step,train_loss_step
0,49,210.13209533691406
0,99,182.2484893798828
0,149,164.73199462890625
